{"cameraMode":{"drawMode":0,"name":"Shaded","section":"Shading Mode"},"sceneLighting":false,"audioPlay":false,"sceneViewState":{"showFog":true,"showMaterialUpdate":false,"showSkybox":false,"showFlares":true,"showImageEffects":true,"showParticleSystems":true},"in2DMode":false,"pivot":{"x":0.15784971415996552,"y":0.39453986287117007,"z":0.501090943813324},"rotation":{"x":0.011527638882398606,"y":0.3026515245437622,"z":-0.0036596753634512426,"w":0.9530298113822937},"size":0.6807264685630798,"orthographic":false}